symbol,companyName,sector,industry,mcap_tier,marketCap_B,beta,close_today,ret_1D,ret_3D,ret_1W,dollar_vol_M
JLHL,Julong Holding Limited Class A Ordinary Shares,Industrials,Engineering & Construction,L5 · Micro <$1B,0.47,5.0473876,34.44,53.89,75.8,53.48,4.7
NVTS,Navitas Semiconductor Corporation,Technology,Semiconductors,L3 · Mid $5B-$30B,6.66,3.62,30.84,19.26,15.94,6.79,3412.8
POET,POET Technologies Inc.,Technology,Semiconductors,L4 · Small $1B-$5B,1.75,0.543,15.38,11.29,25.14,15.81,841.5
CDNL,Cardinal Infrastructure Group Inc. Class A Common Stock,Industrials,Industrial - Infrastructure Operations,L5 · Micro <$1B,0.81,0.66818523,61.91,9.36,19.31,24.69,35.0
STRL,"Sterling Infrastructure, Inc.",Industrials,Engineering & Construction,L3 · Mid $5B-$30B,25.87,1.639,957.03,9.31,11.17,22.36,994.0
NN,NextNav Inc.,Communication Services,Internet Content & Information,L4 · Small $1B-$5B,3.04,1.032,21.57,7.58,4.61,0.37,79.4
MX,Magnachip Semiconductor Corporation,Technology,Semiconductors,L5 · Micro <$1B,0.25,1.001,8.93,7.07,1.48,50.08,74.9
SNDK,Sandisk Corporation,Technology,"Hardware, Equipment & Parts",L1 · Mega ≥$100B,243.11,4.824709,1831.5,6.71,8.05,15.19,21172.1
FRVO,Fervo Energy Co.,Utilities,Regulated Electric,L3 · Mid $5B-$30B,7.9,,39.97,6.22,9.03,7.1,132.8
URI,"United Rentals, Inc.",Industrials,Rental & Leasing Services,L2 · Large $30B-$100B,61.92,1.831,1056.58,6.21,6.12,6.92,789.4
TATT,TAT Technologies Ltd.,Industrials,Aerospace & Defense,L5 · Micro <$1B,0.54,0.962,42.82,6.1,-1.13,6.17,15.7
PCT,"PureCycle Technologies, Inc.",Industrials,Industrial - Pollution & Treatment Controls,L4 · Small $1B-$5B,2.33,2.315,13.63,6.07,10.01,7.66,84.4
QUIK,QuickLogic Corporation,Technology,Semiconductors,L5 · Micro <$1B,0.38,1.1096352,23.05,5.73,11.19,2.31,15.1
MEI,"Methode Electronics, Inc.",Technology,"Hardware, Equipment & Parts",L5 · Micro <$1B,0.42,1.454,13.2,5.6,14.38,15.28,15.9
TTMI,"TTM Technologies, Inc.",Technology,"Hardware, Equipment & Parts",L3 · Mid $5B-$30B,19.5,2.112,189.6,5.56,9.14,-0.56,478.5
ALGM,"Allegro MicroSystems, Inc.",Technology,Semiconductors,L3 · Mid $5B-$30B,9.52,2.017,53.11,5.52,10.95,8.39,152.8
WDC,Western Digital Corporation,Technology,Computer Hardware,L1 · Mega ≥$100B,183.09,2.158,594.11,5.51,11.84,11.97,4293.4
BTDR,Bitdeer Technologies Group,Technology,Software - Application,L4 · Small $1B-$5B,4.29,2.317,19.71,5.06,12.69,26.83,277.1
ONT,"Onterris, Inc.",Industrials,Environmental Services,L5 · Micro <$1B,0.57,1.826,16.5,5.03,3.06,6.93,7.7
CRUS,"Cirrus Logic, Inc.",Technology,Semiconductors,L3 · Mid $5B-$30B,8.82,1.154,178.9,4.85,5.27,3.06,80.5
CYRX,"Cryoport, Inc.",Industrials,Integrated Freight & Logistics,L5 · Micro <$1B,0.77,1.749,16.5,4.83,5.16,17.69,28.1
ADEA,Adeia Inc.,Technology,Software - Application,L4 · Small $1B-$5B,3.0,1.055,32.05,4.53,19.95,13.45,125.8
INTC,Intel Corporation,Technology,Semiconductors,L1 · Mega ≥$100B,607.59,2.19,112.71,4.43,-1.72,-7.44,13137.3
TER,"Teradyne, Inc.",Technology,Semiconductors,L2 · Large $30B-$100B,59.9,1.793,409.67,4.34,9.45,9.0,1268.6
META,"Meta Platforms, Inc.",Communication Services,Internet Content & Information,L1 · Mega ≥$100B,1612.63,1.243,622.98,4.24,-1.51,-1.93,12675.6
SVCO,"Silvaco Group, Inc. Common Stock",Technology,Software - Application,L5 · Micro <$1B,0.32,0.88,12.68,4.19,31.26,29.39,27.3
ODD,Oddity Tech Ltd.,Technology,Software - Infrastructure,L5 · Micro <$1B,0.75,2.578,10.25,4.17,-24.13,-16.46,43.1
ON,ON Semiconductor Corporation,Technology,Semiconductors,L2 · Large $30B-$100B,48.51,1.938,133.93,4.11,11.03,7.24,1285.8
BELFB,Bel Fuse Inc.,Technology,"Hardware, Equipment & Parts",L4 · Small $1B-$5B,3.35,1.423,280.09,4.04,2.03,-0.01,80.0
AMD,"Advanced Micro Devices, Inc.",Technology,Semiconductors,L1 · Mega ≥$100B,844.8,2.399,542.52,4.02,5.12,9.48,15571.2
MPWR,"Monolithic Power Systems, Inc.",Technology,Semiconductors,L2 · Large $30B-$100B,80.24,1.742,1689.89,3.99,7.9,4.3,715.5
KLAC,KLA Corporation,Technology,Semiconductors,L1 · Mega ≥$100B,251.8,1.501,2125.11,3.91,10.58,8.58,2127.7
FAST,Fastenal Company,Industrials,Industrial - Distribution,L2 · Large $30B-$100B,51.39,0.744,46.46,3.87,5.11,3.66,335.5
CLH,"Clean Harbors, Inc.",Industrials,Waste Management,L3 · Mid $5B-$30B,14.83,0.924,286.63,3.86,1.99,1.37,135.3
STRZ,Starz Entertainment Corp.,Communication Services,Entertainment,L5 · Micro <$1B,0.41,2.521676,27.25,3.85,16.55,20.42,6.4
QCOM,QUALCOMM Incorporated,Technology,Semiconductors,L1 · Mega ≥$100B,256.43,1.493,250.01,3.81,-0.4,7.12,4799.5
MRVL,"Marvell Technology, Inc.",Technology,Semiconductors,L1 · Mega ≥$100B,179.34,2.251,301.65,3.73,47.15,51.81,32760.0
BRUN,Boost Run Inc. Class A Common Stock,Technology,Software - Application,L4 · Small $1B-$5B,2.66,2.6468194,38.1,3.7,11.89,29.68,141.3
AGX,"Argan, Inc.",Industrials,Engineering & Construction,L3 · Mid $5B-$30B,9.46,0.612,686.37,3.5,2.9,1.91,212.1
JCI,Johnson Controls International plc,Industrials,Industrial - Machinery,L2 · Large $30B-$100B,83.07,1.386,146.96,3.5,9.62,6.34,594.9
SSP,The E.W. Scripps Company,Communication Services,Broadcasting,L5 · Micro <$1B,0.41,0.727,3.56,3.49,5.01,4.71,3.5
ADI,"Analog Devices, Inc.",Technology,Semiconductors,L1 · Mega ≥$100B,204.09,1.194,437.67,3.42,5.76,4.99,2479.9
FN,Fabrinet,Technology,"Hardware, Equipment & Parts",L3 · Mid $5B-$30B,23.93,1.217,725.0,3.41,10.83,5.55,498.3
LECO,"Lincoln Electric Holdings, Inc.",Industrials,Manufacturing - Tools & Accessories,L3 · Mid $5B-$30B,14.19,1.248,262.82,3.36,1.68,-0.01,132.6
BMI,"Badger Meter, Inc.",Technology,"Hardware, Equipment & Parts",L4 · Small $1B-$5B,3.64,0.679,129.8,3.32,4.76,3.4,63.7
AAON,"AAON, Inc.",Industrials,Construction,L3 · Mid $5B-$30B,11.65,1.245,148.25,3.31,5.74,6.24,172.5
AEIS,"Advanced Energy Industries, Inc.",Industrials,Electrical Equipment & Parts,L3 · Mid $5B-$30B,12.06,1.404,322.5,3.27,6.72,-1.78,268.1
CNM,"Core & Main, Inc.",Industrials,Industrial - Distribution,L3 · Mid $5B-$30B,9.25,0.931,52.12,3.25,5.4,5.96,105.1
NTAP,"NetApp, Inc.",Technology,Computer Hardware,L3 · Mid $5B-$30B,28.2,1.267,181.08,3.1,3.9,26.86,621.0
ODFL,"Old Dominion Freight Line, Inc.",Industrials,Trucking,L2 · Large $30B-$100B,45.93,1.172,236.06,3.05,4.85,7.57,526.9
LGN,Legence Corp. Class A Common stock,Industrials,Engineering & Construction,L3 · Mid $5B-$30B,10.08,3.7986965,88.13,3.03,5.24,0.15,86.4
CLS,Celestica Inc.,Technology,"Hardware, Equipment & Parts",L2 · Large $30B-$100B,40.36,1.478,458.14,-3.02,18.88,28.08,1004.7
CXM,"Sprinklr, Inc.",Technology,Software - Application,L4 · Small $1B-$5B,1.34,0.545,5.45,-3.02,-2.33,3.22,28.5
PSKY,Paramount Skydance Corporation Class B Common Stock,Communication Services,Entertainment,L3 · Mid $5B-$30B,11.76,1.45,10.45,-3.06,-1.51,-1.6,63.5
NP,Neptune Insurance Holdings Inc.,Technology,Software - Application,L4 · Small $1B-$5B,2.65,-0.38526428,24.31,-3.07,-13.4,-14.19,24.4
NAVN,"Navan, Inc.",Technology,Software - Application,L4 · Small $1B-$5B,4.82,0.8584822,22.16,-3.1,3.7,12.15,55.4
KFRC,Kforce Inc.,Industrials,Staffing & Employment Services,L5 · Micro <$1B,0.8,0.882,46.42,-3.11,-1.21,8.03,7.0
PLAB,"Photronics, Inc.",Technology,Semiconductors,L4 · Small $1B-$5B,2.01,1.5074753,32.11,-3.11,-0.74,-39.99,87.2
ACHR,Archer Aviation Inc.,Industrials,Aerospace & Defense,L3 · Mid $5B-$30B,5.17,3.131,6.53,-3.12,-4.11,-0.31,335.9
TYL,"Tyler Technologies, Inc.",Technology,Software - Application,L3 · Mid $5B-$30B,12.9,0.864,303.77,-3.12,-3.0,0.4,194.1
CHKP,Check Point Software Technologies Ltd.,Technology,Software - Infrastructure,L3 · Mid $5B-$30B,13.69,0.428,135.68,-3.13,0.47,5.42,247.6
VSNT,"Versant Media Group, Inc. Class A",Industrials,Advertising Agencies,L3 · Mid $5B-$30B,6.13,0.009855818,40.21,-3.13,-6.79,-7.35,73.3
OLED,Universal Display Corporation,Technology,"Hardware, Equipment & Parts",L4 · Small $1B-$5B,4.4,1.539,90.84,-3.15,-1.39,-1.05,50.9
TIGO,Millicom International Cellular S.A.,Communication Services,Telecommunications Services,L3 · Mid $5B-$30B,14.04,0.899,86.07,-3.16,0.83,1.65,120.3
MSFT,Microsoft Corporation,Technology,Software - Infrastructure,L1 · Mega ≥$100B,3171.87,1.093,427.34,-3.17,-5.09,3.55,15364.6
TTAN,"ServiceTitan, Inc.",Technology,Software - Application,L3 · Mid $5B-$30B,6.27,-0.23175782,72.63,-3.17,0.37,14.76,168.1
AXIA,AXIA Energia S.A.,Utilities,Renewable Utilities,L3 · Mid $5B-$30B,23.43,0.328,10.02,-3.19,-3.28,-3.93,19.7
APOG,"Apogee Enterprises, Inc.",Industrials,Construction,L5 · Micro <$1B,0.81,1.157,37.33,-3.21,-2.81,-0.72,6.7
XMTR,"Xometry, Inc.",Industrials,Industrial - Machinery,L4 · Small $1B-$5B,4.87,1.004,82.25,-3.24,-13.68,-13.02,93.5
JBLU,JetBlue Airways Corporation,Industrials,"Airlines, Airports & Air Services",L4 · Small $1B-$5B,2.0,1.691,4.77,-3.25,-12.8,-11.67,122.2
KLAR,Klarna Group plc,Technology,Software - Infrastructure,L3 · Mid $5B-$30B,6.58,1.429002,16.95,-3.25,-7.33,-1.74,110.9
LION,Lionsgate Studios Corp.,Communication Services,Entertainment,L4 · Small $1B-$5B,4.14,0.09595854,13.36,-3.26,-6.9,-4.57,32.9
BA,The Boeing Company,Industrials,Aerospace & Defense,L1 · Mega ≥$100B,180.35,1.207,210.58,-3.27,-8.9,-6.12,1541.8
DELL,Dell Technologies Inc.,Technology,Computer Hardware,L1 · Mega ≥$100B,214.01,1.062,421.08,-3.27,0.04,37.91,5867.7
GENI,Genius Sports Limited,Communication Services,Internet Content & Information,L4 · Small $1B-$5B,1.44,1.796,5.89,-3.28,0.51,6.9,40.1
SBGI,"Sinclair, Inc.",Communication Services,Entertainment,L5 · Micro <$1B,1.0,1.086,13.53,-3.29,-2.17,-4.25,6.3
OPRA,Opera Limited,Communication Services,Internet Content & Information,L4 · Small $1B-$5B,1.64,1.2293631,18.38,-3.31,-2.13,1.21,4.6
INTU,Intuit Inc.,Technology,Software - Application,L2 · Large $30B-$100B,85.62,1.035,311.44,-3.32,-6.06,1.21,1758.1
ACMR,"ACM Research, Inc.",Technology,Semiconductors,L3 · Mid $5B-$30B,5.95,1.821,88.86,-3.33,2.66,0.25,142.6
BAND,Bandwidth Inc.,Technology,Software - Infrastructure,L4 · Small $1B-$5B,1.85,2.725,65.6,-3.34,0.97,16.85,44.8
CDRE,"Cadre Holdings, Inc.",Industrials,Aerospace & Defense,L4 · Small $1B-$5B,1.37,1.319,29.19,-3.34,-6.26,-4.92,11.3
ICHR,"Ichor Holdings, Ltd.",Technology,Semiconductors,L4 · Small $1B-$5B,2.44,1.879,72.45,-3.34,1.3,-1.75,49.6
TRI,Thomson Reuters Corporation,Industrials,Specialty Business Services,L2 · Large $30B-$100B,36.88,0.201,83.43,-3.36,-3.56,1.53,90.2
ATS,ATS Corporation,Industrials,Industrial - Machinery,L4 · Small $1B-$5B,2.98,1.274,28.85,-3.38,-6.69,-18.2,3.4
EFX,Equifax Inc.,Industrials,Consulting Services,L3 · Mid $5B-$30B,19.76,1.347,170.16,-3.38,2.64,3.95,218.7
UAL,"United Airlines Holdings, Inc.",Industrials,"Airlines, Airports & Air Services",L2 · Large $30B-$100B,37.35,1.206,105.14,-3.38,-8.41,-6.64,388.1
DT,"Dynatrace, Inc.",Technology,Software - Application,L3 · Mid $5B-$30B,11.81,0.702,43.44,-3.4,2.0,11.64,230.9
KSPI,Joint Stock Company Kaspi.kz,Technology,Software - Infrastructure,L3 · Mid $5B-$30B,17.63,0.075,85.63,-3.4,-5.28,-8.08,49.7
NBIS,Nebius Group N.V.,Communication Services,Internet Content & Information,L2 · Large $30B-$100B,54.32,1.238,251.68,-3.42,8.91,20.79,2539.6
RSKD,Riskified Ltd.,Technology,Software - Application,L5 · Micro <$1B,0.73,1.39,4.8,-3.42,-1.64,3.45,3.4
DOX,Amdocs Limited,Technology,Software - Infrastructure,L3 · Mid $5B-$30B,6.63,0.406,60.84,-3.43,-3.38,-0.73,80.2
NSIT,"Insight Enterprises, Inc.",Technology,Technology Distributors,L4 · Small $1B-$5B,3.12,0.956,115.6,-3.43,8.67,12.42,85.2
IT,"Gartner, Inc.",Industrials,Consulting Services,L3 · Mid $5B-$30B,10.79,0.909,164.75,-3.44,1.57,2.99,179.7
LUV,Southwest Airlines Co.,Industrials,"Airlines, Airports & Air Services",L3 · Mid $5B-$30B,21.17,1.113,40.87,-3.47,-4.84,-6.43,152.5
SHOP,Shopify Inc.,Technology,Software - Application,L1 · Mega ≥$100B,149.27,2.644,112.94,-3.48,-4.86,5.95,835.1
RBRK,"Rubrik, Inc.",Technology,Software - Infrastructure,L3 · Mid $5B-$30B,14.22,0.628,79.46,-3.49,1.06,20.74,398.2
WIX,Wix.com Ltd.,Technology,Software - Infrastructure,L4 · Small $1B-$5B,2.9,1.007,55.08,-3.49,-1.75,3.03,80.0
FLYW,Flywire Corporation,Technology,Information Technology Services,L4 · Small $1B-$5B,1.93,1.3,14.61,-3.5,-8.92,-7.59,45.5
BOX,"Box, Inc.",Technology,Software - Application,L4 · Small $1B-$5B,3.5,1.414,26.69,-3.51,-1.0,8.19,49.0
FWONA,Formula One Group,Communication Services,Entertainment,L3 · Mid $5B-$30B,20.9,0.669,79.73,-3.51,-5.06,-3.88,14.9
ARLO,"Arlo Technologies, Inc.",Industrials,Security & Protection Services,L4 · Small $1B-$5B,1.44,1.595,12.9,-3.52,-3.3,-2.35,13.0
ARXS,"Arxis, Inc. Class A Common Stock",Industrials,Aerospace & Defense,L4 · Small $1B-$5B,1.9,,41.33,-3.52,-8.01,3.97,41.3
GRVY,"Gravity Co., Ltd.",Technology,Electronic Gaming & Multimedia,L5 · Micro <$1B,0.44,0.987,62.2,-3.55,-3.31,-0.72,3.0
CMBT,Cmb.Tech N.V.,Industrials,Marine Shipping,L4 · Small $1B-$5B,3.56,0.123,14.81,-3.58,-4.27,-5.97,22.2
EMBJ,Embraer S.A.,Industrials,Aerospace & Defense,L3 · Mid $5B-$30B,10.72,0.816,55.2,-3.61,-4.42,-4.94,99.3
NVDA,NVIDIA Corporation,Technology,Semiconductors,L1 · Mega ≥$100B,5189.35,2.244,214.75,-3.62,1.71,1.01,32244.2
WIT,Wipro Limited,Technology,Information Technology Services,L3 · Mid $5B-$30B,25.48,0.374,2.13,-3.62,-9.75,3.9,10.0
STUB,"StubHub Holdings, Inc.",Technology,Software - Application,L4 · Small $1B-$5B,3.44,3.588471,9.44,-3.67,-4.26,-2.58,29.7
ATEN,"A10 Networks, Inc.",Technology,Software - Infrastructure,L4 · Small $1B-$5B,2.11,1.169,31.44,-3.68,4.31,7.86,35.1
JOBY,"Joby Aviation, Inc.",Industrials,"Airlines, Airports & Air Services",L3 · Mid $5B-$30B,12.1,2.61,11.43,-3.71,-3.95,-0.44,333.7
AXTI,"AXT, Inc.",Technology,Semiconductors,L3 · Mid $5B-$30B,5.37,1.757,106.7,-3.74,3.43,-13.09,643.4
GEN,Gen Digital Inc.,Technology,Software - Infrastructure,L3 · Mid $5B-$30B,14.79,1.094,26.5,-3.74,2.75,7.72,201.6
IMAX,IMAX Corporation,Communication Services,Entertainment,L4 · Small $1B-$5B,2.15,0.364,38.98,-3.75,-1.76,0.78,34.6
DAKT,"Daktronics, Inc.",Technology,"Hardware, Equipment & Parts",L4 · Small $1B-$5B,1.01,1.668,19.43,-3.76,-6.04,-4.89,5.2
DRS,"Leonardo DRS, Inc.",Industrials,Aerospace & Defense,L3 · Mid $5B-$30B,12.91,0.027,45.61,-3.76,-6.46,0.57,36.3
XIFR,"XPLR Infrastructure, LP",Utilities,Independent Power Producers,L4 · Small $1B-$5B,1.12,0.839,12.29,-3.76,-1.52,4.95,10.8
NXT,Nextpower Inc.,Technology,Consumer Electronics,L3 · Mid $5B-$30B,20.61,1.598,146.47,-3.78,-6.35,7.87,356.9
CAAP,Corporación América Airports S.A.,Industrials,"Airlines, Airports & Air Services",L4 · Small $1B-$5B,4.29,0.675,26.02,-3.81,-2.18,-1.1,5.9
BZ,Kanzhun Limited,Industrials,Staffing & Employment Services,L3 · Mid $5B-$30B,6.16,0.485,14.1,-3.82,3.91,5.7,54.1
LSPD,Lightspeed Commerce Inc.,Technology,Software - Application,L4 · Small $1B-$5B,1.27,1.849,9.31,-3.82,-3.82,5.08,11.8
ADTN,"ADTRAN Holdings, Inc.",Technology,Communication Equipment,L4 · Small $1B-$5B,1.37,1.466,17.56,-3.83,6.1,-9.48,36.0
SYM,Symbotic Inc.,Industrials,Industrial - Machinery,L2 · Large $30B-$100B,31.32,2.04,47.21,-3.83,1.68,-11.97,114.5
PI,"Impinj, Inc.",Technology,Semiconductors,L4 · Small $1B-$5B,4.78,1.932,137.76,-3.84,-8.77,-12.69,62.9
TRMB,Trimble Inc.,Technology,"Hardware, Equipment & Parts",L3 · Mid $5B-$30B,12.8,1.453,55.52,-3.84,-1.58,1.17,124.6
SKYT,"SkyWater Technology, Inc.",Technology,Semiconductors,L4 · Small $1B-$5B,1.92,3.304,38.37,-3.86,-1.56,1.29,27.6
ROKU,"Roku, Inc.",Communication Services,Entertainment,L3 · Mid $5B-$30B,19.36,2.043,122.2,-3.87,-6.13,-7.36,285.2
UPBD,"Upbound Group, Inc.",Technology,Software - Application,L4 · Small $1B-$5B,1.13,1.831,17.89,-3.87,-6.87,-5.29,14.8
NTGR,"NETGEAR, Inc.",Technology,Communication Equipment,L5 · Micro <$1B,0.69,1.18,26.19,-3.89,0.77,1.51,9.7
PCOR,"Procore Technologies, Inc.",Technology,Software - Application,L3 · Mid $5B-$30B,7.17,0.782,50.65,-3.89,2.34,8.04,73.3
SPSC,"SPS Commerce, Inc.",Technology,Software - Infrastructure,L4 · Small $1B-$5B,1.96,0.576,55.55,-3.89,-2.11,4.77,38.6
TME,Tencent Music Entertainment Group,Communication Services,Internet Content & Information,L3 · Mid $5B-$30B,13.97,0.782,9.14,-3.89,-0.87,-0.76,103.6
FIS,"Fidelity National Information Services, Inc.",Technology,Information Technology Services,L3 · Mid $5B-$30B,21.82,0.83,40.86,-3.9,-4.95,-2.76,283.6
DLX,Deluxe Corporation,Communication Services,Advertising Agencies,L4 · Small $1B-$5B,1.11,1.317,22.87,-3.91,-5.85,-5.96,8.4
TMUS,"T-Mobile US, Inc.",Communication Services,Telecommunications Services,L1 · Mega ≥$100B,204.55,0.32,181.45,-3.91,-3.24,-4.91,1211.6
TENB,"Tenable Holdings, Inc.",Technology,Software - Infrastructure,L4 · Small $1B-$5B,2.86,0.876,29.69,-3.92,5.17,21.43,180.9
MAN,ManpowerGroup Inc.,Industrials,Staffing & Employment Services,L4 · Small $1B-$5B,1.41,0.722,30.37,-3.95,-3.98,3.65,22.9
KYIV,Kyivstar Group Ltd. Common Shares,Communication Services,Telecommunications Services,L4 · Small $1B-$5B,3.31,0.8637674,13.78,-3.97,-3.5,-4.31,8.3
TLK,Perusahaan Perseroan (Persero) PT Telekomunikasi Indonesia Tbk,Communication Services,Telecommunications Services,L3 · Mid $5B-$30B,16.48,0.072,15.66,-3.99,-4.63,-5.95,18.5
ASYS,"Amtech Systems, Inc.",Technology,Semiconductors,L5 · Micro <$1B,0.31,1.9538368,21.07,-4.01,-0.94,-3.3,11.9
ROG,Rogers Corporation,Technology,"Hardware, Equipment & Parts",L4 · Small $1B-$5B,2.59,0.519,148.0,-4.03,4.58,1.47,32.0
WK,Workiva Inc.,Technology,Software - Application,L4 · Small $1B-$5B,2.61,0.538,49.84,-4.04,0.12,4.9,64.7
BSY,"Bentley Systems, Incorporated",Technology,Software - Application,L3 · Mid $5B-$30B,9.41,1.007,32.62,-4.06,-0.06,1.75,66.2
PEGA,Pegasystems Inc.,Technology,Software - Application,L3 · Mid $5B-$30B,5.66,0.882,35.11,-4.1,-1.74,4.03,57.1
VSAT,"Viasat, Inc.",Technology,Communication Equipment,L3 · Mid $5B-$30B,11.78,1.671,69.62,-4.12,-13.64,-18.64,242.5
LLYVK,Liberty Live Group,Communication Services,Entertainment,L3 · Mid $5B-$30B,9.02,0.978,93.86,-4.14,-5.29,-3.72,57.2
FEIM,"Frequency Electronics, Inc.",Technology,Communication Equipment,L5 · Micro <$1B,0.74,0.461,69.16,-4.16,-8.86,-2.76,9.3
VNET,"VNET Group, Inc.",Technology,Information Technology Services,L4 · Small $1B-$5B,2.91,0.189,10.33,-4.17,2.48,-3.55,47.1
CARS,Cars.com Inc.,Communication Services,Internet Content & Information,L5 · Micro <$1B,0.57,1.643,9.18,-4.18,-10.7,-8.75,8.3
PATH,UiPath Inc.,Technology,Software - Infrastructure,L3 · Mid $5B-$30B,6.23,0.909,11.67,-4.19,-0.43,4.57,388.9
AI,"C3.ai, Inc.",Technology,Information Technology Services,L4 · Small $1B-$5B,1.45,1.987,10.71,-4.2,-0.56,11.68,158.0
BLND,"Blend Labs, Inc.",Technology,Software - Application,L5 · Micro <$1B,0.42,1.029,1.59,-4.22,-11.17,1.92,5.3
ERIC,Telefonaktiebolaget LM Ericsson (publ),Technology,Communication Equipment,L2 · Large $30B-$100B,42.34,0.49,13.16,-4.22,0.77,0.92,193.7
REZI,"Resideo Technologies, Inc.",Industrials,Security & Protection Services,L4 · Small $1B-$5B,4.75,1.752,29.75,-4.22,-4.86,-2.81,30.6
TDC,Teradata Corporation,Technology,Software - Infrastructure,L4 · Small $1B-$5B,2.98,0.51,34.97,-4.22,2.7,8.54,65.3
DV,"DoubleVerify Holdings, Inc.",Technology,Software - Application,L4 · Small $1B-$5B,1.48,1.053,10.2,-4.23,5.15,5.37,38.6
GTN,"Gray Media, Inc.",Communication Services,Broadcasting,L5 · Micro <$1B,0.43,1.067,3.85,-4.23,-3.99,-6.78,5.2
PONY,Pony AI Inc. American Depositary Shares,Industrials,Rental & Leasing Services,L4 · Small $1B-$5B,3.51,4.0679502,10.37,-4.25,3.39,6.47,53.6
PCTY,Paylocity Holding Corporation,Technology,Software - Application,L3 · Mid $5B-$30B,5.94,0.497,112.82,-4.26,-1.84,3.57,51.3
BILI,Bilibili Inc.,Technology,Electronic Gaming & Multimedia,L3 · Mid $5B-$30B,7.22,0.79,17.85,-4.29,3.06,1.59,39.7
EH,EHang Holdings Limited,Industrials,Aerospace & Defense,L5 · Micro <$1B,0.38,1.134,9.78,-4.31,-3.74,2.41,10.0
FIVN,"Five9, Inc.",Technology,Software - Application,L4 · Small $1B-$5B,1.75,1.325,23.95,-4.31,-1.64,7.21,71.4
INDI,"indie Semiconductor, Inc.",Technology,Semiconductors,L4 · Small $1B-$5B,1.13,2.733,4.88,-4.31,-2.2,-5.43,22.5
LBTYK,Liberty Global plc,Communication Services,Telecommunications Services,L4 · Small $1B-$5B,4.01,0.706,11.33,-4.31,-6.83,-3.66,18.1
OPFI,OppFi Inc.,Technology,Software - Application,L5 · Micro <$1B,0.71,1.871,8.0,-4.31,-5.77,-5.44,8.1
CEPU,Central Puerto S.A.,Utilities,Regulated Electric,L4 · Small $1B-$5B,2.28,0.8382523,15.07,-4.32,-4.32,-2.08,5.7
OOMA,"Ooma, Inc.",Communication Services,Telecommunications Services,L5 · Micro <$1B,0.49,1.202,16.88,-4.36,-4.36,-3.16,6.5
RXT,"Rackspace Technology, Inc.",Technology,Software - Infrastructure,L4 · Small $1B-$5B,1.21,2.237,5.21,-4.4,0.77,12.53,67.2
TEO,Telecom Argentina S.A.,Communication Services,Telecommunications Services,L3 · Mid $5B-$30B,5.95,0.325,13.25,-4.4,-9.93,-5.22,5.7
IQ,"iQIYI, Inc.",Communication Services,Entertainment,L4 · Small $1B-$5B,1.09,0.191,1.08,-4.42,-5.26,1.89,10.3
NTNX,"Nutanix, Inc.",Technology,Software - Infrastructure,L3 · Mid $5B-$30B,12.94,0.539,53.04,-4.42,1.86,13.89,190.7
T,AT&T Inc.,Communication Services,Telecommunications Services,L1 · Mega ≥$100B,172.87,0.417,23.55,-4.42,-5.04,-5.38,1215.7
YMM,Full Truck Alliance Co. Ltd.,Technology,Software - Application,L3 · Mid $5B-$30B,9.2,0.291,9.09,-4.42,3.06,5.57,53.3
IONQ,"IonQ, Inc.",Technology,Computer Hardware,L3 · Mid $5B-$30B,26.18,3.052,68.23,-4.44,-5.33,4.33,1884.0
OTEX,Open Text Corporation,Technology,Software - Application,L3 · Mid $5B-$30B,5.66,1.05,23.69,-4.44,-0.63,2.87,85.8
GIB,CGI Inc.,Technology,Information Technology Services,L3 · Mid $5B-$30B,14.69,0.152,66.25,-4.46,-5.06,-1.18,24.6
CBZ,"CBIZ, Inc.",Industrials,Specialty Business Services,L4 · Small $1B-$5B,1.73,0.973,32.25,-4.47,-2.86,1.03,19.0
PAYC,"Paycom Software, Inc.",Technology,Software - Application,L3 · Mid $5B-$30B,7.47,0.775,137.79,-4.47,-1.35,4.17,98.2
WLTH,Wealthfront Corporation,Technology,Software - Application,L4 · Small $1B-$5B,1.79,0.48604122,11.76,-4.47,-3.76,-1.84,14.8
WMG,Warner Music Group Corp.,Communication Services,Entertainment,L3 · Mid $5B-$30B,16.88,1.251,29.42,-4.48,-6.72,-11.65,136.2
TE,T1 Energy Inc,Industrials,Electrical Equipment & Parts,L4 · Small $1B-$5B,1.88,1.779,11.5,-4.49,8.9,4.93,461.0
OUST,"Ouster, Inc.",Technology,"Hardware, Equipment & Parts",L4 · Small $1B-$5B,2.7,3.062,43.96,-4.5,-4.54,-0.61,134.9
DSGX,The Descartes Systems Group Inc.,Technology,Software - Application,L3 · Mid $5B-$30B,6.17,0.178,74.11,-4.51,0.46,6.19,38.0
NCNO,"nCino, Inc.",Technology,Software - Application,L4 · Small $1B-$5B,1.74,0.721,15.88,-4.51,-1.24,4.54,66.3
ENVX,Enovix Corporation,Industrials,Electrical Equipment & Parts,L4 · Small $1B-$5B,1.67,2.231,8.23,-4.52,3.13,9.73,58.0
DJT,Trump Media & Technology Group Corp.,Communication Services,Internet Content & Information,L4 · Small $1B-$5B,2.46,4.183,8.63,-4.54,-7.3,0.7,33.3
OPTX,"Syntec Optics Holdings, Inc.",Technology,"Hardware, Equipment & Parts",L5 · Micro <$1B,0.44,-0.919,12.63,-4.54,26.93,5.96,15.9
EVC,Entravision Communications Corporation,Communication Services,Broadcasting,L5 · Micro <$1B,0.86,1.376,8.6,-4.55,-5.29,-9.66,16.8
SONO,"Sonos, Inc.",Technology,Consumer Electronics,L4 · Small $1B-$5B,1.89,1.941,15.72,-4.55,-0.38,-1.32,17.6
YELP,Yelp Inc.,Communication Services,Internet Content & Information,L4 · Small $1B-$5B,1.28,0.538,22.02,-4.55,-3.42,-6.1,31.1
HPQ,HP Inc.,Technology,Computer Hardware,L3 · Mid $5B-$30B,22.87,1.108,26.04,-4.58,-3.7,2.16,490.1
PRLB,"Proto Labs, Inc.",Industrials,Manufacturing - Miscellaneous,L4 · Small $1B-$5B,1.78,1.365,74.67,-4.58,-1.44,0.38,18.2
INTA,"Intapp, Inc.",Technology,Software - Application,L4 · Small $1B-$5B,1.59,0.481,23.93,-4.59,3.64,25.03,25.7
SCSC,"ScanSource, Inc.",Technology,Technology Distributors,L5 · Micro <$1B,0.93,1.276,45.87,-4.6,-0.86,1.01,13.5
KRNT,Kornit Digital Ltd.,Industrials,Industrial - Machinery,L5 · Micro <$1B,0.73,1.763,15.93,-4.61,-1.24,-4.21,3.0
UMC,United Microelectronics Corporation,Technology,Semiconductors,L2 · Large $30B-$100B,56.57,1.187,21.42,-4.63,-3.43,-3.6,335.1
ALK,"Alaska Air Group, Inc.",Industrials,"Airlines, Airports & Air Services",L3 · Mid $5B-$30B,5.19,1.251,41.87,-4.65,-9.02,-8.92,145.7
OSS,"One Stop Systems, Inc.",Technology,Computer Hardware,L5 · Micro <$1B,0.44,1.147,19.02,-4.66,4.62,8.31,27.0
GILT,Gilat Satellite Networks Ltd.,Technology,Communication Equipment,L4 · Small $1B-$5B,1.14,1.049,15.48,-4.68,-9.84,-11.19,10.9
UPWK,Upwork Inc.,Industrials,Staffing & Employment Services,L4 · Small $1B-$5B,1.06,1.067,8.56,-4.68,-2.95,-0.93,33.6
GDS,GDS Holdings Limited,Technology,Information Technology Services,L3 · Mid $5B-$30B,6.85,0.454,35.17,-4.71,-0.79,3.81,75.5
PLUS,ePlus inc.,Technology,Software - Application,L4 · Small $1B-$5B,2.34,1.043,80.39,-4.71,-2.07,-9.87,26.9
ACN,Accenture plc,Technology,Information Technology Services,L1 · Mega ≥$100B,109.79,1.071,177.43,-4.72,-5.15,0.61,836.6
INFY,Infosys Limited,Technology,Information Technology Services,L2 · Large $30B-$100B,51.51,0.127,12.46,-4.74,-1.5,0.56,197.1
EVLV,"Evolv Technologies Holdings, Inc.",Industrials,Security & Protection Services,L4 · Small $1B-$5B,1.17,1.818,6.41,-4.75,-0.62,1.58,14.5
GWRE,"Guidewire Software, Inc.",Technology,Software - Application,L3 · Mid $5B-$30B,12.08,0.912,155.01,-4.75,1.53,16.31,205.5
XE,"X-Energy, Inc. Class A Common Stock",Industrials,Industrial - Machinery,L5 · Micro <$1B,0.55,,26.27,-4.75,-2.38,-4.61,74.3
FROG,JFrog Ltd.,Technology,Software - Application,L3 · Mid $5B-$30B,8.81,1.021,83.86,-4.76,5.51,17.48,165.5
APPF,"AppFolio, Inc.",Technology,Software - Application,L3 · Mid $5B-$30B,5.71,0.824,166.27,-4.79,3.16,1.99,60.6
FVRR,Fiverr International Ltd.,Communication Services,Internet Content & Information,L5 · Micro <$1B,0.4,1.432,10.07,-4.82,-8.37,-8.04,11.3
PAYO,Payoneer Global Inc.,Technology,Software - Infrastructure,L4 · Small $1B-$5B,1.71,1.015,5.09,-4.86,-2.12,2.0,22.5
TOST,"Toast, Inc.",Technology,Software - Infrastructure,L3 · Mid $5B-$30B,14.48,1.817,25.07,-4.86,-3.69,2.33,257.7
VEON,VEON Ltd.,Communication Services,Telecommunications Services,L4 · Small $1B-$5B,3.92,1.606,52.61,-4.86,-6.29,-8.57,4.1
PAGS,PagSeguro Digital Ltd.,Technology,Software - Infrastructure,L4 · Small $1B-$5B,2.7,1.341,8.77,-4.88,-6.2,-5.39,32.7
DOCU,"DocuSign, Inc.",Technology,Software - Application,L3 · Mid $5B-$30B,9.63,0.883,52.4,-4.9,-0.23,8.2,167.5
ACIW,"ACI Worldwide, Inc.",Technology,Software - Infrastructure,L4 · Small $1B-$5B,4.31,1.015,41.56,-4.92,-4.83,-1.8,39.7
BULL,Webull Corporation Class A Ordinary Shares,Technology,Software - Application,L4 · Small $1B-$5B,3.37,0.604,5.9,-4.99,-7.81,-5.14,107.1
BLDP,Ballard Power Systems Inc.,Industrials,Industrial - Machinery,L4 · Small $1B-$5B,1.87,1.68,6.06,-5.02,-3.66,-0.49,54.2
PLTK,Playtika Holding Corp.,Technology,Electronic Gaming & Multimedia,L4 · Small $1B-$5B,1.37,1.081,3.21,-5.03,-14.85,-10.08,3.9
U,Unity Software Inc.,Technology,Software - Application,L3 · Mid $5B-$30B,13.07,2.038,29.22,-5.04,-4.1,5.26,183.2
KARO,Karooooo Ltd.,Technology,Software - Application,L4 · Small $1B-$5B,1.47,0.921,47.11,-5.06,-1.24,-0.8,4.2
SHAZ,"SharonAI Holdings, Inc. Class A Common Stock",Technology,Information Technology Services,L5 · Micro <$1B,0.73,6.1686497,80.09,-5.08,5.62,21.92,40.1
ZM,"Zoom Communications, Inc.",Technology,Software - Application,L3 · Mid $5B-$30B,29.46,1.003,106.2,-5.08,4.54,6.24,320.3
CRM,"Salesforce, Inc.",Technology,Software - Application,L1 · Mega ≥$100B,144.28,1.139,190.61,-5.09,-0.26,7.38,2574.3
HON,Honeywell International Inc.,Industrials,Conglomerates,L1 · Mega ≥$100B,147.64,0.811,223.26,-5.09,-6.14,-3.58,1368.6
AMPX,"Amprius Technologies, Inc.",Industrials,Electrical Equipment & Parts,L4 · Small $1B-$5B,2.95,2.22,21.74,-5.11,7.2,26.69,181.3
MRAM,"Everspin Technologies, Inc.",Technology,Semiconductors,L5 · Micro <$1B,0.73,1.758,28.57,-5.11,8.3,-4.67,82.7
PRG,"PROG Holdings, Inc.",Industrials,Rental & Leasing Services,L4 · Small $1B-$5B,1.49,1.834,34.14,-5.11,-7.15,-9.39,11.7
RJET,Republic Airways Holdings Inc.,Industrials,"Airlines, Airports & Air Services",L4 · Small $1B-$5B,1.1,2.2147722,17.64,-5.11,-13.32,-27.2,3.1
ADUR,Aduro Clean Technologies Inc.,Industrials,Industrial - Pollution & Treatment Controls,L5 · Micro <$1B,0.57,1.286,15.74,-5.12,-6.59,0.7,7.0
BE,Bloom Energy Corporation,Industrials,Electrical Equipment & Parts,L2 · Large $30B-$100B,82.49,3.83,287.32,-5.13,0.81,-2.21,2188.6
ASPN,"Aspen Aerogels, Inc.",Industrials,Construction,L5 · Micro <$1B,0.53,2.827,5.9,-5.14,-7.81,-7.23,7.6
KRMN,Karman Holdings Inc.,Industrials,Aerospace & Defense,L3 · Mid $5B-$30B,8.73,0.6779514,51.84,-5.14,-9.84,-18.39,233.6
ESTC,Elastic N.V.,Technology,Software - Application,L3 · Mid $5B-$30B,5.96,0.885,64.1,-5.16,-0.93,18.92,168.1
GDDY,GoDaddy Inc.,Technology,Software - Infrastructure,L3 · Mid $5B-$30B,11.37,0.915,83.98,-5.16,-2.16,-3.88,196.9
WBTN,WEBTOON Entertainment Inc. Common stock,Technology,Software - Application,L4 · Small $1B-$5B,1.62,2.5973072,11.37,-5.17,-7.49,-4.77,3.9
RNG,"RingCentral, Inc.",Technology,Software - Application,L4 · Small $1B-$5B,3.68,1.132,43.97,-5.18,1.52,5.7,65.0
LYTS,LSI Industries Inc.,Technology,"Hardware, Equipment & Parts",L5 · Micro <$1B,0.76,0.539,22.84,-5.19,-5.74,-7.68,19.1
FWRD,Forward Air Corporation,Industrials,Integrated Freight & Logistics,L5 · Micro <$1B,0.33,1.591,9.67,-5.2,-8.6,-6.84,11.6
INOD,Innodata Inc.,Technology,Information Technology Services,L4 · Small $1B-$5B,3.24,2.403,108.27,-5.21,3.13,21.65,158.3
AVPT,"AvePoint, Inc.",Technology,Software - Infrastructure,L4 · Small $1B-$5B,2.18,1.159,10.7,-5.23,-1.92,6.47,16.4
GRAB,Grab Holdings Limited,Technology,Software - Application,L3 · Mid $5B-$30B,14.03,0.928,3.41,-5.28,-3.67,-6.32,177.3
SAP,SAP SE,Technology,Software - Application,L1 · Mega ≥$100B,204.45,0.709,180.67,-5.32,-0.62,3.75,449.0
CLBT,Cellebrite DI Ltd.,Technology,Software - Infrastructure,L4 · Small $1B-$5B,3.29,1.146,14.18,-5.34,-3.73,11.65,21.9
STNE,StoneCo Ltd.,Technology,Software - Infrastructure,L4 · Small $1B-$5B,2.76,1.597,10.64,-5.34,-7.07,-6.26,90.2
ALGT,Allegiant Travel Company,Industrials,"Airlines, Airports & Air Services",L4 · Small $1B-$5B,1.66,1.497,82.98,-5.35,-9.42,-8.81,46.0
CMCSA,Comcast Corporation,Communication Services,Telecommunications Services,L2 · Large $30B-$100B,89.88,0.689,23.52,-5.35,-5.43,-6.74,1014.9
EVER,"EverQuote, Inc.",Communication Services,Internet Content & Information,L5 · Micro <$1B,0.67,0.548,17.96,-5.47,-6.65,-6.65,14.1
BBAI,"BigBear.ai Holdings, Inc.",Technology,Information Technology Services,L4 · Small $1B-$5B,1.77,3.051,4.83,-5.48,-4.17,10.53,245.4
BL,"BlackLine, Inc.",Technology,Software - Application,L4 · Small $1B-$5B,1.59,0.687,28.81,-5.48,-2.01,7.34,26.2
PUBM,"PubMatic, Inc.",Technology,Software - Application,L5 · Micro <$1B,0.53,1.534,11.38,-5.48,-2.57,2.99,9.9
SMCI,"Super Micro Computer, Inc.",Technology,Computer Hardware,L3 · Mid $5B-$30B,24.84,1.684,47.42,-5.48,2.89,24.17,2302.5
LUMN,"Lumen Technologies, Inc.",Communication Services,Telecommunications Services,L3 · Mid $5B-$30B,11.02,1.665,9.98,-5.49,-9.19,-8.19,161.5
NMAX,"Newsmax, Inc.",Communication Services,Broadcasting,L5 · Micro <$1B,0.79,2.247183,8.56,-5.52,0.59,9.88,14.3
LTRX,"Lantronix, Inc.",Technology,Communication Equipment,L5 · Micro <$1B,0.34,1.636,7.5,-5.54,-0.66,3.45,9.6
PAY,"Paymentus Holdings, Inc.",Technology,Information Technology Services,L4 · Small $1B-$5B,2.92,1.402,21.11,-5.55,-10.13,-9.36,22.0
MQ,"Marqeta, Inc.",Technology,Software - Infrastructure,L4 · Small $1B-$5B,1.67,1.353,3.87,-5.61,-4.68,1.31,28.9
TNET,"TriNet Group, Inc.",Industrials,Staffing & Employment Services,L4 · Small $1B-$5B,2.09,1.014,45.4,-5.61,-0.61,4.08,22.0
PANW,"Palo Alto Networks, Inc.",Technology,Software - Infrastructure,L1 · Mega ≥$100B,175.67,0.77,280.43,-5.64,-0.45,12.86,4074.1
RDWR,Radware Ltd.,Technology,Software - Infrastructure,L4 · Small $1B-$5B,1.27,0.817,29.77,-5.64,-1.88,2.62,7.7
IHRT,"iHeartMedia, Inc.",Communication Services,Broadcasting,L5 · Micro <$1B,0.63,2.342,3.94,-5.74,-8.58,-21.83,8.1
APP,AppLovin Corporation,Technology,Software - Application,L1 · Mega ≥$100B,201.53,2.366,570.83,-5.75,-6.89,0.53,1930.3
EPAM,"EPAM Systems, Inc.",Technology,Information Technology Services,L3 · Mid $5B-$30B,5.3,1.453,97.28,-5.76,-5.06,-4.33,146.5
CCOI,"Cogent Communications Holdings, Inc.",Communication Services,Telecommunications Services,L5 · Micro <$1B,0.99,0.828,16.39,-5.8,-7.71,-24.19,17.7
FIP,FTAI Infrastructure Inc.,Industrials,Conglomerates,L5 · Micro <$1B,0.54,2.067,4.22,-5.8,-5.38,-8.86,4.0
WEAV,"Weave Communications, Inc.",Technology,Software - Application,L5 · Micro <$1B,0.46,1.632,5.68,-5.8,-5.65,1.79,5.3
KEN,Kenon Holdings Ltd.,Utilities,Independent Power Producers,L4 · Small $1B-$5B,4.78,0.383,81.4,-5.81,-10.32,-13.87,3.4
ORCL,Oracle Corporation,Technology,Software - Infrastructure,L1 · Mega ≥$100B,585.85,1.544,230.33,-5.83,2.02,20.62,5223.2
AMBA,"Ambarella, Inc.",Technology,Semiconductors,L4 · Small $1B-$5B,4.03,2.164,73.8,-5.84,2.24,-18.53,158.8
IBEX,IBEX Limited,Technology,Information Technology Services,L5 · Micro <$1B,0.43,0.654,30.04,-5.86,-5.06,-3.44,3.7
OSPN,OneSpan Inc.,Technology,Software - Infrastructure,L5 · Micro <$1B,0.52,1.465,14.44,-5.87,0.0,6.49,9.9
XYZ,"Block, Inc.",Technology,Software - Infrastructure,L2 · Large $30B-$100B,44.25,2.57,69.8,-5.87,-7.82,-2.27,501.7
MVST,"Microvast Holdings, Inc.",Industrials,Electrical Equipment & Parts,L5 · Micro <$1B,0.53,3.602,1.44,-5.88,-7.1,-0.69,5.0
HLIT,Harmonic Inc.,Technology,Communication Equipment,L4 · Small $1B-$5B,1.84,1.244,14.66,-5.91,-2.98,-14.32,65.2
TRU,TransUnion,Industrials,Consulting Services,L3 · Mid $5B-$30B,13.82,1.571,69.39,-5.91,-3.03,-2.05,150.8
TBLA,Taboola.com Ltd.,Communication Services,Internet Content & Information,L4 · Small $1B-$5B,1.37,1.427,4.57,-5.97,-6.35,-6.54,15.1
FRSH,Freshworks Inc.,Technology,Software - Application,L4 · Small $1B-$5B,2.49,0.834,9.55,-6.0,-1.65,6.35,75.6
LOGI,Logitech International S.A.,Technology,Computer Hardware,L3 · Mid $5B-$30B,16.04,0.603,119.07,-6.01,-2.3,8.33,226.6
GCT,GigaCloud Technology Inc.,Technology,Software - Infrastructure,L4 · Small $1B-$5B,1.41,1.818,32.41,-6.03,-10.07,-15.51,24.3
RDVT,"Red Violet, Inc.",Technology,Software - Application,L5 · Micro <$1B,0.77,1.711,53.36,-6.04,-6.12,2.16,10.6
S,"SentinelOne, Inc.",Technology,Software - Infrastructure,L3 · Mid $5B-$30B,6.04,0.785,16.3,-6.05,-1.51,-9.19,145.2
MNDY,monday.com Ltd.,Technology,Software - Application,L4 · Small $1B-$5B,3.99,1.158,85.95,-6.08,2.79,12.47,137.4
GDYN,"Grid Dynamics Holdings, Inc.",Technology,Information Technology Services,L5 · Micro <$1B,0.62,0.859,7.04,-6.13,-2.22,0.0,11.7
MDA,MDA Space Ltd,Technology,"Hardware, Equipment & Parts",L3 · Mid $5B-$30B,6.75,0.6019395,40.25,-6.13,-10.02,-13.31,36.5
PRGS,Progress Software Corporation,Technology,Software - Application,L4 · Small $1B-$5B,1.29,0.782,31.96,-6.14,-2.65,7.46,16.7
FICO,Fair Isaac Corporation,Technology,Software - Application,L2 · Large $30B-$100B,30.06,1.23,1174.66,-6.15,-6.07,-8.12,347.3
GLOB,Globant S.A.,Technology,Information Technology Services,L4 · Small $1B-$5B,1.72,1.036,39.67,-6.17,-1.71,2.19,81.3
FIG,"Figma, Inc.",Technology,Software - Application,L3 · Mid $5B-$30B,11.44,-0.18728326,22.79,-6.18,-10.63,6.79,329.0
QNST,"QuinStreet, Inc.",Communication Services,Advertising Agencies,L5 · Micro <$1B,0.71,0.718,11.39,-6.18,-9.03,-7.25,7.5
SSYS,Stratasys Ltd.,Technology,Computer Hardware,L5 · Micro <$1B,0.86,1.861,9.85,-6.19,-6.55,-0.61,8.7
WAY,Waystar Holding Corp.,Technology,Information Technology Services,L4 · Small $1B-$5B,3.72,0.1966996,19.52,-6.24,-1.96,2.41,46.5
BMBL,Bumble Inc.,Technology,Software - Application,L5 · Micro <$1B,0.38,2.0,2.85,-6.25,-10.09,-9.81,10.6
IBTA,"Ibotta, Inc.",Technology,Software - Application,L5 · Micro <$1B,0.92,-0.594,32.56,-6.25,-4.93,-3.95,5.2
NNDM,Nano Dimension Ltd.,Technology,Computer Hardware,L5 · Micro <$1B,0.36,0.99525326,1.65,-6.25,-5.71,-2.37,4.0
CRNC,Cerence Inc.,Technology,Software - Application,L5 · Micro <$1B,0.54,2.89,12.28,-6.26,-4.51,5.32,16.9
NSP,"Insperity, Inc.",Industrials,Staffing & Employment Services,L4 · Small $1B-$5B,1.3,0.622,33.6,-6.28,-2.52,1.97,34.3
CRDO,Credo Technology Group Holding Ltd,Technology,Communication Equipment,L2 · Large $30B-$100B,41.01,3.176,214.6,-6.29,-9.08,-3.0,2035.5
AVAV,"AeroVironment, Inc.",Industrials,Aerospace & Defense,L3 · Mid $5B-$30B,10.71,1.355,191.47,-6.3,-7.61,5.62,248.5
CLFD,"Clearfield, Inc.",Technology,Communication Equipment,L5 · Micro <$1B,0.63,1.901,45.13,-6.35,-4.43,-11.96,18.4
CDZI,Cadiz Inc.,Utilities,Regulated Water,L5 · Micro <$1B,0.37,1.786,4.54,-6.39,-6.97,2.25,3.0
CLVT,Clarivate Plc,Technology,Information Technology Services,L4 · Small $1B-$5B,1.63,1.411,2.47,-6.44,-2.37,-4.63,10.8
WPP,WPP plc,Communication Services,Advertising Agencies,L4 · Small $1B-$5B,4.05,0.654,17.6,-6.48,-5.38,-5.68,9.9
DMRC,Digimarc Corporation,Technology,Information Technology Services,L5 · Micro <$1B,0.33,1.877,14.46,-6.53,-1.63,7.67,5.0
SPCE,"Virgin Galactic Holdings, Inc.",Industrials,Aerospace & Defense,L5 · Micro <$1B,0.28,2.1741176,4.29,-6.54,-30.58,13.19,235.2
PLTR,Palantir Technologies Inc.,Technology,Software - Infrastructure,L1 · Mega ≥$100B,329.12,1.521,142.2,-6.55,-9.16,7.31,5715.1
DAVE,Dave Inc.,Technology,Software - Application,L4 · Small $1B-$5B,3.61,3.937,249.33,-6.56,-11.76,-2.7,212.3
ALKT,"Alkami Technology, Inc.",Technology,Software - Application,L4 · Small $1B-$5B,1.88,0.54,16.62,-6.58,-8.53,-1.07,37.1
APLD,Applied Digital Corporation,Technology,Information Technology Services,L3 · Mid $5B-$30B,14.19,5.7,44.71,-6.58,-5.44,-8.72,709.3
VRNS,"Varonis Systems, Inc.",Technology,Software - Infrastructure,L4 · Small $1B-$5B,3.74,0.802,33.51,-6.61,-1.87,10.81,59.5
MAX,"MediaAlpha, Inc.",Communication Services,Internet Content & Information,L5 · Micro <$1B,0.48,1.159,8.29,-6.64,-6.85,-4.05,3.7
AFRM,"Affirm Holdings, Inc.",Technology,Software - Infrastructure,L3 · Mid $5B-$30B,24.45,3.723,66.27,-6.68,-10.02,-5.92,346.8
TSAT,Telesat Corporation,Technology,Communication Equipment,L5 · Micro <$1B,0.87,2.002,46.79,-6.68,-13.69,-18.4,18.3
SWMR,"Swarmer, Inc Common Stock",Technology,Software - Application,L5 · Micro <$1B,0.64,,73.24,-6.72,30.3,50.82,61.7
LAES,SEALSQ Corp,Technology,Semiconductors,L5 · Micro <$1B,0.53,-8.372,3.46,-6.74,-0.57,-0.57,57.9
ZS,"Zscaler, Inc.",Technology,Software - Infrastructure,L3 · Mid $5B-$30B,21.03,0.962,134.37,-6.78,-3.84,6.3,1022.1
GRND,Grindr Inc.,Technology,Software - Application,L4 · Small $1B-$5B,2.29,0.275,10.9,-6.92,-12.8,-14.38,32.2
TEAM,Atlassian Corporation,Technology,Software - Application,L3 · Mid $5B-$30B,24.5,0.899,101.53,-6.94,-5.65,13.99,507.1
DDD,3D Systems Corporation,Technology,Computer Hardware,L5 · Micro <$1B,0.51,2.582,3.61,-6.96,1.12,1.98,17.2
CRWV,"CoreWeave, Inc. Class A Common Stock",Technology,Software - Infrastructure,L2 · Large $30B-$100B,58.3,7.8006163,110.93,-6.99,1.28,6.39,2830.8
DDOG,"Datadog, Inc.",Technology,Software - Application,L2 · Large $30B-$100B,80.18,1.295,250.33,-6.99,1.2,12.86,2062.3
RKLB,"Rocket Lab USA, Inc.",Industrials,Aerospace & Defense,L2 · Large $30B-$100B,85.69,2.313,114.7,-6.99,-20.06,-23.65,2392.5
KC,Kingsoft Cloud Holdings Limited,Technology,Software - Application,L4 · Small $1B-$5B,3.73,2.033,12.74,-7.01,3.75,-2.9,13.1
MSTR,Strategy Inc,Technology,Software - Application,L2 · Large $30B-$100B,45.05,3.595,126.54,-7.01,-20.46,-17.94,2540.1
WYFI,"WhiteFiber, Inc. Ordinary Shares",Technology,Information Technology Services,L4 · Small $1B-$5B,1.24,5.1725636,28.03,-7.06,-5.75,-11.24,28.0
QTWO,"Q2 Holdings, Inc.",Technology,Software - Application,L4 · Small $1B-$5B,2.83,1.385,45.42,-7.08,-4.08,1.14,22.1
FOUR,"Shift4 Payments, Inc.",Technology,Software - Infrastructure,L4 · Small $1B-$5B,3.99,1.439,40.22,-7.09,-9.74,-6.36,72.5
EVEX,"Eve Holding, Inc.",Industrials,Aerospace & Defense,L4 · Small $1B-$5B,1.05,1.044,3.14,-7.1,-8.99,-3.38,3.6
MNTN,MNTN Inc.,Communication Services,Advertising Agencies,L5 · Micro <$1B,0.66,0.8590115,9.68,-7.1,2.65,9.38,10.8
WSE,Wise Group plc Class A Ordinary Shares,Industrials,Specialty Business Services,L3 · Mid $5B-$30B,12.77,0.537,10.72,-7.11,-16.05,-15.92,27.3
RUM,Rumble Inc.,Technology,Software - Application,L4 · Small $1B-$5B,4.11,1.027,8.33,-7.13,-9.36,-14.56,20.0
IBM,International Business Machines Corporation,Technology,Information Technology Services,L1 · Mega ≥$100B,248.34,0.581,305.63,-7.17,2.63,19.76,4057.0
PAR,PAR Technology Corporation,Technology,Software - Application,L5 · Micro <$1B,0.63,1.315,14.17,-7.33,-8.23,-4.64,21.1
LZ,"LegalZoom.com, Inc.",Industrials,Specialty Business Services,L4 · Small $1B-$5B,1.08,1.331,6.05,-7.35,-3.82,-5.32,12.1
SAIL,"SailPoint, Inc.",Technology,Software - Infrastructure,L3 · Mid $5B-$30B,9.39,1.0826002,18.38,-7.36,-2.39,18.12,142.0
HUBS,"HubSpot, Inc.",Technology,Software - Application,L3 · Mid $5B-$30B,10.18,1.229,222.45,-7.37,0.82,10.83,438.4
API,"Agora, Inc.",Technology,Software - Application,L5 · Micro <$1B,0.38,0.728314,4.87,-7.41,18.78,15.13,3.3
EVTC,"EVERTEC, Inc.",Technology,Software - Infrastructure,L4 · Small $1B-$5B,1.5,0.807,22.57,-7.42,-7.76,-5.49,18.5
KVYO,"Klaviyo, Inc.",Technology,Software - Infrastructure,L4 · Small $1B-$5B,4.41,0.791,15.69,-7.43,-0.95,10.42,76.9
PANL,"Pangaea Logistics Solutions, Ltd.",Industrials,Marine Shipping,L5 · Micro <$1B,0.5,0.797,7.31,-7.47,-3.43,-10.2,4.4
NVRI,Enviri Corporation,Industrials,Waste Management,L4 · Small $1B-$5B,1.76,1.595,17.75,-7.55,-14.46,-11.52,34.1
BLKB,"Blackbaud, Inc.",Technology,Software - Application,L4 · Small $1B-$5B,1.4,1.087,28.11,-7.56,-8.41,-6.42,21.7
MDB,"MongoDB, Inc.",Technology,Software - Infrastructure,L3 · Mid $5B-$30B,26.22,1.486,368.32,-7.56,9.77,25.08,748.6
AMRC,"Ameresco, Inc.",Industrials,Engineering & Construction,L4 · Small $1B-$5B,1.94,2.546,33.33,-7.6,-7.37,-7.26,19.6
ATOM,Atomera Incorporated,Technology,Semiconductors,L5 · Micro <$1B,0.36,2.013,9.1,-7.61,-8.82,-17.5,14.3
SNOW,Snowflake Inc.,Technology,Software - Application,L2 · Large $30B-$100B,82.91,1.079,241.28,-7.61,-5.58,37.67,2473.7
BTQ,BTQ Technologies Corp. Common Stock,Technology,Software - Infrastructure,L5 · Micro <$1B,0.67,-1.8989135,4.24,-7.63,-12.03,9.0,19.6
NOW,"ServiceNow, Inc.",Technology,Software - Application,L1 · Mega ≥$100B,112.13,0.819,117.9,-7.64,-5.2,15.45,3845.8
KTOS,"Kratos Defense & Security Solutions, Inc.",Industrials,Aerospace & Defense,L3 · Mid $5B-$30B,12.22,1.062,58.43,-7.65,-8.89,1.97,296.5
VERX,"Vertex, Inc.",Technology,Software - Application,L4 · Small $1B-$5B,2.05,0.801,12.79,-7.65,-4.19,1.99,22.1
TSSI,"TSS, Inc.",Technology,Information Technology Services,L5 · Micro <$1B,0.38,2.04,13.93,-7.69,-15.47,11.08,21.9
GRPN,"Groupon, Inc.",Communication Services,Internet Content & Information,L5 · Micro <$1B,0.81,0.107,17.35,-7.71,-14.24,-19.15,32.2
FRMI,Fermi Inc. Common Stock,Utilities,Regulated Electric,L4 · Small $1B-$5B,4.32,1.514274,6.09,-7.73,-12.75,-7.45,70.6
RCAT,"Red Cat Holdings, Inc.",Technology,Computer Hardware,L4 · Small $1B-$5B,1.53,1.216,13.79,-7.76,-4.9,29.24,225.8
ZETA,Zeta Global Holdings Corp.,Technology,Software - Application,L3 · Mid $5B-$30B,5.05,1.292,23.27,-7.84,1.66,19.58,244.9
OKTA,"Okta, Inc.",Technology,Software - Infrastructure,L3 · Mid $5B-$30B,15.88,0.592,124.65,-7.89,1.12,39.27,757.0
QBTS,D-Wave Quantum Inc.,Technology,Computer Hardware,L3 · Mid $5B-$30B,10.83,1.945,27.55,-7.89,-8.59,0.25,1137.8
MITK,"Mitek Systems, Inc.",Technology,Software - Application,L5 · Micro <$1B,0.76,0.955,16.18,-7.91,-5.82,-5.88,17.8
PAYS,"PaySign, Inc.",Technology,Software - Infrastructure,L5 · Micro <$1B,0.4,0.723,6.81,-7.97,-6.33,-4.22,4.1
BLSH,Bullish,Technology,Software - Infrastructure,L3 · Mid $5B-$30B,5.43,-0.071586974,28.1,-7.99,-19.51,-18.12,43.2
ELVA,Electrovaya Inc.,Industrials,Electrical Equipment & Parts,L5 · Micro <$1B,0.46,0.511,11.28,-7.99,-3.51,-2.51,5.0
CHTR,"Charter Communications, Inc.",Communication Services,Telecommunications Services,L3 · Mid $5B-$30B,18.11,0.757,129.01,-8.03,-10.44,-12.35,560.7
ASAN,"Asana, Inc.",Technology,Software - Application,L4 · Small $1B-$5B,1.58,0.954,7.97,-8.18,3.51,24.34,50.5
ENLT,Enlight Renewable Energy Ltd,Utilities,Renewable Utilities,L3 · Mid $5B-$30B,14.31,0.865,95.95,-8.23,-10.68,-6.39,28.9
LBRDA,Liberty Broadband Corporation,Communication Services,Telecommunications Services,L4 · Small $1B-$5B,4.95,0.701,30.09,-8.26,-10.92,-12.76,6.8
FLY,Firefly Aerospace Inc.,Industrials,Aerospace & Defense,L3 · Mid $5B-$30B,7.91,-1.1435186,39.78,-8.28,-14.43,-30.55,298.5
PD,"PagerDuty, Inc.",Technology,Software - Application,L5 · Micro <$1B,0.68,0.781,9.3,-8.28,-6.53,29.35,23.9
BRZE,"Braze, Inc.",Technology,Software - Application,L4 · Small $1B-$5B,2.63,0.773,23.56,-8.29,-8.08,-4.15,62.7
CRTO,Criteo S.A.,Communication Services,Advertising Agencies,L5 · Micro <$1B,0.92,0.338,17.15,-8.34,-6.03,-4.03,4.9
SOUN,"SoundHound AI, Inc.",Technology,Software - Application,L4 · Small $1B-$5B,3.7,2.763,8.08,-8.39,-10.22,0.0,225.7
FUBO,fuboTV Inc.,Communication Services,Broadcasting,L4 · Small $1B-$5B,1.14,2.508,9.82,-8.4,-2.68,-0.3,12.9
CXDO,"Crexendo, Inc.",Communication Services,Telecommunications Services,L5 · Micro <$1B,0.32,0.93,9.18,-8.47,-7.09,-6.13,8.1
EFOR,"Everforth, Inc.",Technology,Information Technology Services,L5 · Micro <$1B,0.86,0.457,20.53,-8.47,-9.48,2.39,17.8
STGW,Stagwell Inc.,Communication Services,Advertising Agencies,L4 · Small $1B-$5B,1.74,1.227,6.59,-8.47,-5.99,-5.72,11.4
BILL,"Bill.com Holdings, Inc.",Technology,Software - Application,L4 · Small $1B-$5B,3.47,1.223,35.2,-8.5,-4.92,1.44,116.0
DXC,DXC Technology Company,Technology,Information Technology Services,L4 · Small $1B-$5B,1.52,0.852,9.15,-8.5,-7.67,-2.03,32.8
SLDP,"Solid Power, Inc.",Industrials,Electrical Equipment & Parts,L5 · Micro <$1B,0.63,1.921,3.32,-8.54,0.3,-1.19,21.8
ASST,"Strive, Inc.",Communication Services,Asset Management,L4 · Small $1B-$5B,1.6,-0.22884317,14.74,-8.56,-16.58,-17.28,71.7
QUBT,"Quantum Computing, Inc.",Technology,Computer Hardware,L4 · Small $1B-$5B,1.67,3.698,11.2,-8.57,-6.35,-1.93,241.0
UIS,Unisys Corporation,Technology,Information Technology Services,L5 · Micro <$1B,0.28,1.607,4.22,-8.66,-8.06,8.76,6.2
PGY,Pagaya Technologies Ltd.,Technology,Software - Infrastructure,L4 · Small $1B-$5B,1.16,5.438,13.96,-8.7,-7.67,2.27,55.2
AMSC,American Superconductor Corporation,Industrials,Industrial - Machinery,L4 · Small $1B-$5B,2.45,3.283,46.67,-8.79,-8.38,-11.41,68.1
PRCH,"Porch Group, Inc.",Technology,Software - Application,L4 · Small $1B-$5B,1.13,3.227,9.94,-8.81,-4.61,-2.26,16.4
PAYP,PayPay Corporation,Technology,Software - Infrastructure,L3 · Mid $5B-$30B,13.19,,17.05,-8.82,-12.65,-11.75,32.2
SPT,"Sprout Social, Inc.",Technology,Software - Application,L5 · Micro <$1B,0.42,0.939,7.24,-8.82,-3.21,7.26,9.8
ASTS,"AST SpaceMobile, Inc.",Technology,Communication Equipment,L2 · Large $30B-$100B,54.15,2.598,107.73,-8.83,-5.01,-16.87,1875.4
LITE,Lumentum Holdings Inc.,Technology,Communication Equipment,L2 · Large $30B-$100B,66.96,1.533,938.0,-8.86,9.71,3.96,5469.1
YEXT,"Yext, Inc.",Technology,Software - Application,L5 · Micro <$1B,0.5,1.142,3.83,-9.03,-8.37,-2.79,11.2
AAOI,"Applied Optoelectronics, Inc.",Technology,Semiconductors,L3 · Mid $5B-$30B,13.56,3.759,184.07,-9.04,16.2,2.36,1775.0
GTM,ZoomInfo Technologies Inc.,Technology,Software - Application,L5 · Micro <$1B,0.95,1.044,3.12,-9.04,-6.31,-4.0,66.8
CRSR,"Corsair Gaming, Inc.",Technology,Computer Hardware,L4 · Small $1B-$5B,1.28,1.585,10.48,-9.11,-13.67,6.72,32.3
NABL,"N-able, Inc.",Technology,Information Technology Services,L5 · Micro <$1B,0.65,0.636,3.79,-9.11,2.43,10.17,4.2
CBRS,Cerebras Systems Inc.,Technology,Semiconductors,L2 · Large $30B-$100B,53.28,,214.94,-9.12,-9.3,-19.47,771.1
RPD,"Rapid7, Inc.",Technology,Software - Infrastructure,L5 · Micro <$1B,0.5,0.89,7.66,-9.13,-8.59,8.81,17.8
SERV,Serve Robotics Inc.,Industrials,Industrial - Machinery,L5 · Micro <$1B,0.63,2.306,8.24,-9.15,-11.87,-6.79,59.9
PDYN,Palladyne AI Corp.,Technology,Software - Infrastructure,L5 · Micro <$1B,0.34,3.514,7.81,-9.19,-7.35,3.86,14.9
HQ,Horizon Quantum Holdings Ltd. Class A Ordinary Shares,Technology,Software - Application,L5 · Micro <$1B,0.67,0.461,12.59,-9.23,-4.62,5.44,6.1
RDW,Redwire Corporation,Industrials,Aerospace & Defense,L4 · Small $1B-$5B,3.89,2.422,18.62,-9.52,-24.22,-22.42,759.4
SATL,Satellogic Inc.,Technology,"Hardware, Equipment & Parts",L4 · Small $1B-$5B,1.18,1.064,7.84,-9.68,-17.56,-19.75,71.5
PLUG,Plug Power Inc.,Industrials,Electrical Equipment & Parts,L4 · Small $1B-$5B,4.73,2.065,3.69,-9.78,-6.58,-10.87,259.7
APPN,Appian Corporation,Technology,Software - Application,L4 · Small $1B-$5B,1.63,0.879,24.07,-9.82,2.86,11.23,63.4
RZLV,Rezolve AI PLC,Technology,Software - Infrastructure,L5 · Micro <$1B,0.74,-0.204,2.57,-9.82,-13.76,0.78,43.8
AUR,"Aurora Innovation, Inc.",Technology,Information Technology Services,L3 · Mid $5B-$30B,13.86,2.586,6.95,-9.97,-5.31,2.06,264.5
VOYG,"Voyager Technologies, Inc.",Industrials,Aerospace & Defense,L4 · Small $1B-$5B,3.07,1.6290421,44.96,-9.99,-9.23,-7.47,93.4
RR,Richtech Robotics Inc. Class B Common Stock,Industrials,Industrial - Machinery,L5 · Micro <$1B,0.6,-1.344,2.69,-10.03,-10.93,-17.48,35.8
GOGO,Gogo Inc.,Communication Services,Telecommunications Services,L5 · Micro <$1B,0.65,1.058,3.93,-10.07,-14.0,-16.38,6.7
VUZI,Vuzix Corporation,Technology,Consumer Electronics,L5 · Micro <$1B,0.37,1.521,4.11,-10.07,-10.65,-13.11,5.6
ELMT,Elmet Group Co.,Industrials,Manufacturing - Metal Fabrication,L5 · Micro <$1B,0.45,,19.83,-10.23,29.78,27.44,21.6
PL,Planet Labs PBC,Industrials,Aerospace & Defense,L3 · Mid $5B-$30B,16.58,1.914,43.13,-10.31,-15.66,-14.56,630.7
RGTI,"Rigetti Computing, Inc.",Technology,Computer Hardware,L3 · Mid $5B-$30B,8.98,1.801,24.09,-10.38,-5.68,-2.15,1840.1
AMCX,AMC Networks Inc.,Communication Services,Entertainment,L5 · Micro <$1B,0.43,1.314,9.44,-10.44,-2.88,-4.55,8.4
BLZE,"Backblaze, Inc.",Technology,Software - Infrastructure,L5 · Micro <$1B,0.46,1.408,7.95,-10.67,-3.99,4.06,15.5
SPIR,"Spire Global, Inc.",Industrials,Specialty Business Services,L5 · Micro <$1B,0.78,2.431,19.04,-10.82,-16.64,-25.27,26.1
FLNC,"Fluence Energy, Inc.",Utilities,Renewable Utilities,L4 · Small $1B-$5B,3.94,2.615,24.85,-10.96,31.62,17.11,312.7
OKLO,Oklo Inc.,Utilities,Regulated Electric,L3 · Mid $5B-$30B,11.85,1.181,65.21,-11.24,-2.5,-3.85,1450.5
VELO,"Velo3D, Inc.",Technology,Computer Hardware,L5 · Micro <$1B,0.5,2.2730882,19.61,-11.39,-18.33,-23.99,42.4
FCEL,"FuelCell Energy, Inc.",Industrials,Electrical Equipment & Parts,L4 · Small $1B-$5B,1.29,2.225,21.81,-11.49,0.69,-7.94,177.8
AMC,"AMC Entertainment Holdings, Inc.",Communication Services,Entertainment,L5 · Micro <$1B,0.97,2.333,1.83,-11.59,5.78,15.82,51.7
COMP,"Compass, Inc.",Technology,Software - Application,L3 · Mid $5B-$30B,5.08,2.456,7.61,-11.82,-7.53,-9.19,231.6
HAWK,"HawkEye 360, Inc.",Industrials,Aerospace & Defense,L4 · Small $1B-$5B,2.98,,25.91,-11.84,-21.51,-17.69,41.8
SMR,NuScale Power Corporation,Utilities,Renewable Utilities,L4 · Small $1B-$5B,3.63,2.252,12.27,-12.04,-3.16,1.66,639.7
ALIT,"Alight, Inc.",Technology,Software - Application,L5 · Micro <$1B,0.5,1.575,0.7242,-12.37,-23.15,-16.79,28.9
INFQ,"Infleqtion, Inc.",Technology,Computer Hardware,L4 · Small $1B-$5B,3.08,3.2135155,17.41,-12.38,7.34,12.61,425.7
XNDU,Xanadu Quantum Technologies Limited Class B Subordinate Voting Shares,Technology,Software - Infrastructure,L5 · Micro <$1B,0.39,2.7619195,14.8,-12.58,-8.47,-13.95,77.1
EOSE,"Eos Energy Enterprises, Inc.",Industrials,Electrical Equipment & Parts,L4 · Small $1B-$5B,2.34,2.57,8.2,-12.95,-2.73,-4.76,168.8
DSP,Viant Technology Inc.,Technology,Software - Application,L5 · Micro <$1B,0.76,1.0,12.1,-13.63,-4.87,9.21,5.1
NNE,Nano Nuclear Energy Inc,Industrials,Industrial - Machinery,L4 · Small $1B-$5B,1.19,5.144,26.37,-13.74,-8.69,-3.62,173.1
LUNR,"Intuitive Machines, Inc.",Industrials,Aerospace & Defense,L3 · Mid $5B-$30B,7.28,1.469,33.83,-14.51,-22.82,-16.14,550.8
ONDS,Ondas Holdings Inc.,Technology,Communication Equipment,L3 · Mid $5B-$30B,6.57,2.556,11.61,-14.51,-12.18,7.5,1074.0
BKSY,BlackSky Technology Inc.,Technology,"Hardware, Equipment & Parts",L4 · Small $1B-$5B,1.92,2.439,37.48,-14.64,-22.67,-26.51,116.0
AVEX,Aevex Corp.,Industrials,Aerospace & Defense,L4 · Small $1B-$5B,2.05,,27.66,-14.73,-28.1,-10.4,89.5
TLS,Telos Corporation,Technology,Information Technology Services,L5 · Micro <$1B,0.36,0.941,4.37,-15.96,-8.77,-8.58,6.0
GRRR,Gorilla Technology Group Inc.,Technology,Software - Infrastructure,L5 · Micro <$1B,0.44,0.028,18.29,-16.02,-10.69,12.0,108.0
PICS,PicS N.V.,Technology,Software - Infrastructure,L4 · Small $1B-$5B,1.39,3.1680615,9.03,-19.16,-14.73,-16.62,17.8
CGNT,Cognyte Software Ltd.,Technology,Software - Infrastructure,L5 · Micro <$1B,0.77,1.58,9.23,-20.57,-20.22,-9.78,28.0
